iteration no.; 0; x coordinate; y coordinate; 
Particle no.; 0;  7; 5.19959;
Particle no.; 1;  3.84319; 4.00119;
Particle no.; 2;  3.50302; 1.90897;
Particle no.; 3;  7; 7;
Particle no.; 4;  1.84493; 1.28197;
Particle no.; 5;  3.38978; 4.36684;
Particle no.; 6;  2.00019; 4.65802;
Particle no.; 7;  7; 5.0611;
Particle no.; 8;  6.1949; 3.87835;
Particle no.; 9;  3.56907; 5.21691;
Particle no.; 10;  3.06591; 2.21892;
Particle no.; 11;  1.54719; 4.40759;
Particle no.; 12;  3.15373; 6.86631;
Particle no.; 13;  5.80409; 2.53824;
Particle no.; 14;  2.12845; 3.46667;
Particle no.; 15;  6.01587; 1.90567;
Particle no.; 16;  7; 1.96048;
Particle no.; 17;  5.00828; 3.37211;
Particle no.; 18;  2.97086; 4.14309;
Particle no.; 19;  2.59566; 3.91721;
Particle no.; 20;  4.52648; 5.08685;
Particle no.; 21;  7; 5.62809;
Particle no.; 22;  1.84629; 7;
Particle no.; 23;  2.7906; 7;
Particle no.; 24;  3.09235; 5.46109;
Particle no.; 25;  4.46095; 5.25967;
Particle no.; 26;  6.78142; 5.10956;
Particle no.; 27;  1.76868; 2.03657;
Particle no.; 28;  4.07728; 6.67419;
Particle no.; 29;  3.67622; 5.30714;
Particle no.; 30;  2.24227; 1.79351;
Particle no.; 31;  6.31423; 2.11137;
Particle no.; 32;  2.8554; 3.42392;
Particle no.; 33;  4.5849; 4.92768;
Particle no.; 34;  6.66843; 6.28198;
Particle no.; 35;  0.946306; 3.29632;
Particle no.; 36;  3.47025; 7;
Particle no.; 37;  1.02583; 4.41796;
Particle no.; 38;  6.64719; 2.91785;
Particle no.; 39;  3.66199; 1.84095;
Particle no.; 40;  7; 7;
Particle no.; 41;  6.20204; 6.36319;
Particle no.; 42;  4.43532; 7;
Particle no.; 43;  7; 7;
Particle no.; 44;  5.84774; 3.27882;
Particle no.; 45;  5.02258; 7;
Particle no.; 46;  4.17374; 3.43823;
Particle no.; 47;  1.40421; 6.13056;
Particle no.; 48;  5.96357; 5.09052;
Particle no.; 49;  3.15966; 4.73341;
iteration no.; 10; x coordinate; y coordinate; 
Particle no.; 0;  7; 2.02573;
Particle no.; 1;  2.69339; 2.85138;
Particle no.; 2;  7; 3.4114;
Particle no.; 3;  4.72052; 4.92744;
Particle no.; 4;  1.16218; 0.0463265;
Particle no.; 5;  2.11016; 3.08722;
Particle no.; 6;  0.950071; 3.6079;
Particle no.; 7;  7; 2.65806;
Particle no.; 8;  5.20631; 2.88975;
Particle no.; 9;  2.7215; 4.36935;
Particle no.; 10;  2.48021; 1.52311;
Particle no.; 11;  1.80333; 4.66372;
Particle no.; 12;  1.83353; 5.55784;
Particle no.; 13;  5.28573; 2.01988;
Particle no.; 14;  0.952631; 2.29085;
Particle no.; 15;  6.69171; 3.39796;
Particle no.; 16;  7; 2.08298;
Particle no.; 17;  4.59743; 2.96127;
Particle no.; 18;  2.10691; 3.27913;
Particle no.; 19;  2.82235; 4.14389;
Particle no.; 20;  5.27673; 5.8371;
Particle no.; 21;  6.35843; 2.24672;
Particle no.; 22;  1.41085; 7;
Particle no.; 23;  1.45234; 6.00748;
Particle no.; 24;  0.738674; 3.10742;
Particle no.; 25;  2.12738; 2.92611;
Particle no.; 26;  5.62139; 3.94952;
Particle no.; 27;  0.852879; 1.36028;
Particle no.; 28;  1.42996; 4.02687;
Particle no.; 29;  2.81886; 4.44978;
Particle no.; 30;  1.57583; 1.12706;
Particle no.; 31;  6.92648; 2.15298;
Particle no.; 32;  1.53604; 2.10456;
Particle no.; 33;  1.82556; 2.16834;
Particle no.; 34;  4.35247; 3.93054;
Particle no.; 35;  0; 2.62646;
Particle no.; 36;  1.43369; 6.01845;
Particle no.; 37;  1.65099; 5.04312;
Particle no.; 38;  6.60609; 1.90819;
Particle no.; 39;  2.13638; 0.315342;
Particle no.; 40;  5.96829; 5.0276;
Particle no.; 41;  5.03519; 5.19634;
Particle no.; 42;  1.55475; 4.36628;
Particle no.; 43;  6.99045; 6.93984;
Particle no.; 44;  4.53226; 1.96333;
Particle no.; 45;  2.25837; 5.68269;
Particle no.; 46;  1.55831; 0.822795;
Particle no.; 47;  0.387842; 5.11419;
Particle no.; 48;  4.83288; 3.95983;
Particle no.; 49;  2.33421; 3.90796;
iteration no.; 20; x coordinate; y coordinate; 
Particle no.; 0;  7; 2.65295;
Particle no.; 1;  3.23619; 3.39418;
Particle no.; 2;  6.56534; 4.71738;
Particle no.; 3;  5.49975; 5.64807;
Particle no.; 4;  1.2917; 0.540907;
Particle no.; 5;  2.52174; 3.49881;
Particle no.; 6;  3.13047; 5.99651;
Particle no.; 7;  7; 2.69705;
Particle no.; 8;  5.66534; 3.27574;
Particle no.; 9;  2.1017; 3.74955;
Particle no.; 10;  3.52366; 2.30822;
Particle no.; 11;  2.20814; 5.06854;
Particle no.; 12;  2.84225; 6.55512;
Particle no.; 13;  5.08578; 1.81993;
Particle no.; 14;  1.18513; 2.52335;
Particle no.; 15;  6.70383; 5.50624;
Particle no.; 16;  7; 2.26072;
Particle no.; 17;  3.30769; 1.67153;
Particle no.; 18;  4.1349; 5.30712;
Particle no.; 19;  2.88317; 4.20472;
Particle no.; 20;  4.81122; 5.3716;
Particle no.; 21;  6.49762; 2.9003;
Particle no.; 22;  1.08394; 7;
Particle no.; 23;  2.36525; 6.55498;
Particle no.; 24;  2.08455; 4.45329;
Particle no.; 25;  5.82115; 6.61988;
Particle no.; 26;  6.28963; 4.61777;
Particle no.; 27;  1.26574; 1.37804;
Particle no.; 28;  4.68659; 7;
Particle no.; 29;  2.39555; 4.02647;
Particle no.; 30;  0.271693; 0.389024;
Particle no.; 31;  6.48479; 2.61944;
Particle no.; 32;  2.21448; 2.783;
Particle no.; 33;  5.49244; 6.28788;
Particle no.; 34;  6.95894; 6.71114;
Particle no.; 35;  0.0498962; 2.36377;
Particle no.; 36;  2.02446; 6.49527;
Particle no.; 37;  2.76079; 6.15292;
Particle no.; 38;  6.74389; 2.44389;
Particle no.; 39;  4.28677; 2.46574;
Particle no.; 40;  6.19424; 5.87204;
Particle no.; 41;  5.17086; 5.33201;
Particle no.; 42;  2.45279; 5.21093;
Particle no.; 43;  6.54993; 6.79468;
Particle no.; 44;  5.17422; 2.6053;
Particle no.; 45;  3.1862; 6.13386;
Particle no.; 46;  6.2906; 5.03153;
Particle no.; 47;  1.94905; 6.97609;
Particle no.; 48;  5.28009; 4.40705;
Particle no.; 49;  2.42214; 3.99589;
iteration no.; 30; x coordinate; y coordinate; 
Particle no.; 0;  7; 4.1139;
Particle no.; 1;  3.25032; 3.40832;
Particle no.; 2;  5.81317; 0.936657;
Particle no.; 3;  6.16235; 6.24935;
Particle no.; 4;  0.390773; 0.147819;
Particle no.; 5;  2.62302; 3.60008;
Particle no.; 6;  3.14644; 5.01132;
Particle no.; 7;  7; 3.31281;
Particle no.; 8;  7; 6.4338;
Particle no.; 9;  3.12413; 4.77198;
Particle no.; 10;  3.38491; 2.22611;
Particle no.; 11;  1.44089; 4.30129;
Particle no.; 12;  2.64925; 6.36171;
Particle no.; 13;  5.54836; 2.2825;
Particle no.; 14;  1.17806; 2.51628;
Particle no.; 15;  6.76562; 4.04923;
Particle no.; 16;  7; 2.04046;
Particle no.; 17;  0.862731; 0;
Particle no.; 18;  2.62183; 3.79405;
Particle no.; 19;  2.51147; 3.83301;
Particle no.; 20;  1.54388; 2.61113;
Particle no.; 21;  6.38622; 2.37723;
Particle no.; 22;  2.32843; 7;
Particle no.; 23;  1.85653; 6.17103;
Particle no.; 24;  2.28192; 4.65066;
Particle no.; 25;  3.84019; 4.63892;
Particle no.; 26;  6.16471; 4.49285;
Particle no.; 27;  0.992078; 1.36948;
Particle no.; 28;  6.72277; 7;
Particle no.; 29;  2.59645; 4.22737;
Particle no.; 30;  0.321814; 0.203593;
Particle no.; 31;  5.9134; 1.73276;
Particle no.; 32;  1.78075; 2.34927;
Particle no.; 33;  0; 0;
Particle no.; 34;  5.82163; 5.67853;
Particle no.; 35;  0.0470608; 2.35867;
Particle no.; 36;  1.57669; 6.13387;
Particle no.; 37;  2.24386; 5.63599;
Particle no.; 38;  6.58643; 3.15007;
Particle no.; 39;  4.15298; 2.33195;
Particle no.; 40;  6.63376; 6.46074;
Particle no.; 41;  5.25819; 5.41934;
Particle no.; 42;  2.09342; 4.87293;
Particle no.; 43;  6.52193; 6.70874;
Particle no.; 44;  5.06558; 2.49666;
Particle no.; 45;  0.788644; 4.96802;
Particle no.; 46;  2.04849; 1.63359;
Particle no.; 47;  1.63624; 6.33766;
Particle no.; 48;  5.02186; 4.14882;
Particle no.; 49;  2.84984; 4.4236;
iteration no.; 40; x coordinate; y coordinate; 
Particle no.; 0;  7; 3.94816;
Particle no.; 1;  2.81358; 2.97157;
Particle no.; 2;  6.1884; 2.44538;
Particle no.; 3;  6.15211; 6.23789;
Particle no.; 4;  0.771294; 0.322904;
Particle no.; 5;  2.07861; 3.05568;
Particle no.; 6;  0.539555; 2.43394;
Particle no.; 7;  7; 2.86923;
Particle no.; 8;  6.94116; 0;
Particle no.; 9;  1.8195; 3.46735;
Particle no.; 10;  4.50869; 2.89112;
Particle no.; 11;  2.14157; 5.00196;
Particle no.; 12;  1.35466; 5.48665;
Particle no.; 13;  4.60213; 1.33627;
Particle no.; 14;  1.16611; 2.50433;
Particle no.; 15;  6.92302; 1.84764;
Particle no.; 16;  7; 2.18836;
Particle no.; 17;  5.14082; 3.55812;
Particle no.; 18;  3.14219; 4.31442;
Particle no.; 19;  2.87929; 4.20083;
Particle no.; 20;  3.86467; 4.47896;
Particle no.; 21;  6.54684; 3.13141;
Particle no.; 22;  1.23234; 7;
Particle no.; 23;  2.14129; 6.41337;
Particle no.; 24;  2.2602; 4.62894;
Particle no.; 25;  1.14424; 1.94296;
Particle no.; 26;  5.97504; 4.30317;
Particle no.; 27;  1.39394; 1.94326;
Particle no.; 28;  2.54592; 6.0375;
Particle no.; 29;  3.15096; 4.78188;
Particle no.; 30;  0.552734; 0.442569;
Particle no.; 31;  6.42195; 2.40815;
Particle no.; 32;  1.8585; 2.42702;
Particle no.; 33;  3.50546; 3.72448;
Particle no.; 34;  5.11831; 4.3655;
Particle no.; 35;  0.030706; 2.42766;
Particle no.; 36;  1.82458; 6.33395;
Particle no.; 37;  1.2824; 4.67453;
Particle no.; 38;  6.69464; 2.67573;
Particle no.; 39;  3.76228; 1.94125;
Particle no.; 40;  6.61974; 6.39223;
Particle no.; 41;  5.94471; 6.10586;
Particle no.; 42;  3.63733; 6.32505;
Particle no.; 43;  6.58975; 6.67992;
Particle no.; 44;  1.49396; 0;
Particle no.; 45;  0.98123; 5.06167;
Particle no.; 46;  4.73926; 3.59741;
Particle no.; 47;  1.50287; 6.01714;
Particle no.; 48;  5.06302; 4.18998;
Particle no.; 49;  2.6621; 4.23585;
iteration no.; 50; x coordinate; y coordinate; 
Particle no.; 0;  7; 0.528846;
Particle no.; 1;  2.83029; 2.98829;
Particle no.; 2;  6.31429; 3.11463;
Particle no.; 3;  5.85324; 5.97223;
Particle no.; 4;  1.28455; 0.522713;
Particle no.; 5;  2.16057; 3.13764;
Particle no.; 6;  3.19305; 6.03899;
Particle no.; 7;  7; 1.97865;
Particle no.; 8;  6.22371; 0;
Particle no.; 9;  3.52927; 5.17712;
Particle no.; 10;  4.00479; 2.59293;
Particle no.; 11;  1.20164; 4.06203;
Particle no.; 12;  2.32669; 6.06948;
Particle no.; 13;  5.56392; 2.29807;
Particle no.; 14;  1.47725; 2.81548;
Particle no.; 15;  6.83377; 2.49606;
Particle no.; 16;  7; 2.07529;
Particle no.; 17;  5.5792; 3.2842;
Particle no.; 18;  3.59912; 4.77135;
Particle no.; 19;  3.28402; 4.41413;
Particle no.; 20;  2.80359; 4.18679;
Particle no.; 21;  6.21129; 1.55586;
Particle no.; 22;  0.557715; 7;
Particle no.; 23;  1.7403; 6.13726;
Particle no.; 24;  2.12938; 4.49813;
Particle no.; 25;  4.73501; 5.68238;
Particle no.; 26;  5.91815; 4.24628;
Particle no.; 27;  1.09694; 1.31527;
Particle no.; 28;  0; 4.4297;
Particle no.; 29;  2.65257; 4.28349;
Particle no.; 30;  4.81511; 3.01761;
Particle no.; 31;  6.26562; 2.18321;
Particle no.; 32;  2.18778; 2.7563;
Particle no.; 33;  5.31406; 5.56558;
Particle no.; 34;  5.95087; 5.70501;
Particle no.; 35;  0.0342616; 2.40785;
Particle no.; 36;  1.63527; 6.18115;
Particle no.; 37;  3.08216; 6.47429;
Particle no.; 38;  6.70106; 2.71507;
Particle no.; 39;  4.71246; 2.89142;
Particle no.; 40;  6.57186; 6.30239;
Particle no.; 41;  5.59233; 5.75348;
Particle no.; 42;  1.32297; 4.14828;
Particle no.; 43;  6.5775; 6.70242;
Particle no.; 44;  7; 0;
Particle no.; 45;  1.40847; 5.26942;
Particle no.; 46;  2.81463; 2.16784;
Particle no.; 47;  1.35296; 6.08976;
Particle no.; 48;  5.05042; 4.17738;
Particle no.; 49;  2.75567; 4.32942;
iteration no.; 60; x coordinate; y coordinate; 
Particle no.; 0;  7; 1.26901;
Particle no.; 1;  2.99988; 3.15787;
Particle no.; 2;  6.29279; 3.05443;
Particle no.; 3;  6.5356; 6.58089;
Particle no.; 4;  0.814955; 0.330127;
Particle no.; 5;  2.79294; 3.77001;
Particle no.; 6;  0.829243; 5.36266;
Particle no.; 7;  7; 4.43026;
Particle no.; 8;  5.80322; 0;
Particle no.; 9;  2.08152; 3.72937;
Particle no.; 10;  5.13404; 3.26118;
Particle no.; 11;  3.47427; 6.33467;
Particle no.; 12;  0.875456; 5.04888;
Particle no.; 13;  5.46751; 2.20165;
Particle no.; 14;  1.13727; 2.47549;
Particle no.; 15;  7; 0.0763356;
Particle no.; 16;  7; 2.1183;
Particle no.; 17;  5.54371; 3.25856;
Particle no.; 18;  3.09088; 4.26311;
Particle no.; 19;  3.79932; 5.0516;
Particle no.; 20;  2.73714; 4.14893;
Particle no.; 21;  6.49893; 2.90647;
Particle no.; 22;  1.92087; 7;
Particle no.; 23;  1.97128; 6.30127;
Particle no.; 24;  2.23809; 4.60683;
Particle no.; 25;  3.58775; 5.50763;
Particle no.; 26;  5.87821; 4.20634;
Particle no.; 27;  0.575997; 0.640167;
Particle no.; 28;  0; 1.78054;
Particle no.; 29;  2.88573; 4.51665;
Particle no.; 30;  3.3871; 2.14992;
Particle no.; 31;  6.34277; 1.98301;
Particle no.; 32;  1.93563; 2.50415;
Particle no.; 33;  2.45875; 2.93679;
Particle no.; 34;  6.27921; 5.8319;
Particle no.; 35;  0; 2.48626;
Particle no.; 36;  1.7263; 6.25462;
Particle no.; 37;  0.601513; 4.05974;
Particle no.; 38;  6.63081; 2.98378;
Particle no.; 39;  3.31286; 1.49183;
Particle no.; 40;  6.5499; 6.30206;
Particle no.; 41;  4.44312; 4.71215;
Particle no.; 42;  2.68219; 5.4267;
Particle no.; 43;  6.34984; 6.51955;
Particle no.; 44;  6.66903; 0;
Particle no.; 45;  1.04637; 5.09334;
Particle no.; 46;  4.66921; 3.561;
Particle no.; 47;  1.58594; 6.16603;
Particle no.; 48;  5.0511; 4.17806;
Particle no.; 49;  3.04049; 4.61424;
iteration no.; 70; x coordinate; y coordinate; 
Particle no.; 0;  7; 3.40125;
Particle no.; 1;  2.95695; 3.11494;
Particle no.; 2;  6.05615; 1.84462;
Particle no.; 3;  6.07388; 6.16916;
Particle no.; 4;  0.427372; 0.179208;
Particle no.; 5;  1.73593; 2.713;
Particle no.; 6;  1.64392; 7;
Particle no.; 7;  7; 3.38279;
Particle no.; 8;  6.22398; 0;
Particle no.; 9;  2.62199; 4.26983;
Particle no.; 10;  5.93759; 3.73669;
Particle no.; 11;  0; 3.24055;
Particle no.; 12;  0.981291; 5.13296;
Particle no.; 13;  5.29709; 2.03124;
Particle no.; 14;  1.34168; 2.6799;
Particle no.; 15;  6.76861; 3.26568;
Particle no.; 16;  7; 2.14474;
Particle no.; 17;  5.73384; 3.39591;
Particle no.; 18;  3.00438; 4.17661;
Particle no.; 19;  0; 0;
Particle no.; 20;  2.87063; 4.22498;
Particle no.; 21;  6.34582; 2.18755;
Particle no.; 22;  1.16432; 7;
Particle no.; 23;  1.77738; 6.16182;
Particle no.; 24;  2.14097; 4.50971;
Particle no.; 25;  1.2204; 3.99129;
Particle no.; 26;  5.88677; 4.21491;
Particle no.; 27;  0.765522; 1.05828;
Particle no.; 28;  0.0448817; 6.29898;
Particle no.; 29;  2.68223; 4.31315;
Particle no.; 30;  4.05829; 2.55775;
Particle no.; 31;  6.3046; 2.36261;
Particle no.; 32;  2.21073; 2.77925;
Particle no.; 33;  4.07802; 4.3704;
Particle no.; 34;  6.05941; 5.64473;
Particle no.; 35;  0.102527; 2.30545;
Particle no.; 36;  1.74525; 6.26992;
Particle no.; 37;  0; 2.43881;
Particle no.; 38;  6.6439; 2.88016;
Particle no.; 39;  4.11639; 2.29535;
Particle no.; 40;  6.58398; 6.33067;
Particle no.; 41;  6.92482; 6.92515;
Particle no.; 42;  2.46442; 5.22187;
Particle no.; 43;  6.71745; 6.80417;
Particle no.; 44;  7; 0;
Particle no.; 45;  0.87615; 5.01057;
Particle no.; 46;  3.15014; 2.44976;
Particle no.; 47;  1.43875; 6.13504;
Particle no.; 48;  5.08836; 4.21532;
Particle no.; 49;  2.7677; 4.34146;
iteration no.; 80; x coordinate; y coordinate; 
Particle no.; 0;  7; 3.35625;
Particle no.; 1;  2.82117; 2.97916;
Particle no.; 2;  6.30934; 3.11816;
Particle no.; 3;  6.1443; 6.23206;
Particle no.; 4;  1.22649; 0.493421;
Particle no.; 5;  1.7538; 2.73087;
Particle no.; 6;  1.78299; 7;
Particle no.; 7;  7; 1.82814;
Particle no.; 8;  5.90589; 0;
Particle no.; 9;  2.64899; 4.29684;
Particle no.; 10;  3.94754; 2.67802;
Particle no.; 11;  1.63897; 4.24056;
Particle no.; 12;  0.965795; 5.12065;
Particle no.; 13;  5.27376; 2.0079;
Particle no.; 14;  1.22851; 2.56673;
Particle no.; 15;  6.85551; 2.78485;
Particle no.; 16;  7; 2.13518;
Particle no.; 17;  2.77174; 1.25615;
Particle no.; 18;  2.79701; 3.96924;
Particle no.; 19;  3.0012; 5.42436;
Particle no.; 20;  2.83964; 4.20733;
Particle no.; 21;  6.53014; 3.05301;
Particle no.; 22;  2.86466; 7;
Particle no.; 23;  1.88878; 6.24192;
Particle no.; 24;  2.28625; 4.65499;
Particle no.; 25;  3.54176; 5.20037;
Particle no.; 26;  5.9241; 4.25223;
Particle no.; 27;  0.878882; 1.13719;
Particle no.; 28;  0.0171275; 3.83746;
Particle no.; 29;  2.62109; 4.25201;
Particle no.; 30;  4.02899; 2.53995;
Particle no.; 31;  6.3163; 1.9919;
Particle no.; 32;  2.15143; 2.71995;
Particle no.; 33;  3.51773; 3.8921;
Particle no.; 34;  5.26126; 4.71016;
Particle no.; 35;  0; 2.59085;
Particle no.; 36;  1.67085; 6.20987;
Particle no.; 37;  0; 4.2126;
Particle no.; 38;  6.64647; 2.90825;
Particle no.; 39;  4.91142; 3.09038;
Particle no.; 40;  6.53305; 6.29721;
Particle no.; 41;  2.82346; 3.21967;
Particle no.; 42;  2.07632; 4.85685;
Particle no.; 43;  6.76911; 6.84555;
Particle no.; 44;  6.75205; 0;
Particle no.; 45;  0.0827028; 4.62475;
Particle no.; 46;  2.75634; 2.15721;
Particle no.; 47;  1.09701; 6.0802;
Particle no.; 48;  5.05377; 4.18073;
Particle no.; 49;  3.02588; 4.59963;
iteration no.; 90; x coordinate; y coordinate; 
Particle no.; 0;  7; 2.52742;
Particle no.; 1;  2.86378; 3.02177;
Particle no.; 2;  6.13322; 2.23295;
Particle no.; 3;  6.15384; 6.2404;
Particle no.; 4;  1.26792; 0.510178;
Particle no.; 5;  3.53254; 4.50961;
Particle no.; 6;  1.46159; 7;
Particle no.; 7;  7; 2.5892;
Particle no.; 8;  6.05095; 0;
Particle no.; 9;  2.67325; 4.3211;
Particle no.; 10;  4.77444; 2.7623;
Particle no.; 11;  1.60937; 5.15901;
Particle no.; 12;  0.881369; 5.05357;
Particle no.; 13;  5.2561; 1.99025;
Particle no.; 14;  1.23333; 2.57156;
Particle no.; 15;  6.8356; 2.43071;
Particle no.; 16;  7; 2.15625;
Particle no.; 17;  4.90018; 2.79369;
Particle no.; 18;  3.13618; 4.30841;
Particle no.; 19;  0.811824; 2.74847;
Particle no.; 20;  2.44592; 3.98301;
Particle no.; 21;  6.58896; 3.3292;
Particle no.; 22;  1.13745; 7;
Particle no.; 23;  1.80605; 6.18245;
Particle no.; 24;  2.1395; 4.50824;
Particle no.; 25;  2.24642; 4.52476;
Particle no.; 26;  5.8715; 4.19963;
Particle no.; 27;  0.155144; 0.408289;
Particle no.; 28;  0.0512054; 5.10771;
Particle no.; 29;  3.39395; 5.02487;
Particle no.; 30;  3.92034; 2.47393;
Particle no.; 31;  6.32377; 1.97402;
Particle no.; 32;  1.74779; 2.31631;
Particle no.; 33;  5.72394; 5.76097;
Particle no.; 34;  4.4217; 3.6229;
Particle no.; 35;  0.0706839; 2.26632;
Particle no.; 36;  1.77593; 6.29468;
Particle no.; 37;  0.367912; 5.92258;
Particle no.; 38;  6.65087; 2.94812;
Particle no.; 39;  1.0191; 0.0234379;
Particle no.; 40;  6.59032; 6.3315;
Particle no.; 41;  7; 7;
Particle no.; 42;  2.32719; 5.0928;
Particle no.; 43;  6.60033; 6.71375;
Particle no.; 44;  6.90248; 0;
Particle no.; 45;  1.76914; 5.56;
Particle no.; 46;  3.91298; 3.00963;
Particle no.; 47;  1.41985; 6.13376;
Particle no.; 48;  5.03979; 4.16674;
Particle no.; 49;  2.73088; 4.30464;
iteration no.; 100; x coordinate; y coordinate; 
Particle no.; 0;  7; 3.23299;
Particle no.; 1;  2.94089; 3.09889;
Particle no.; 2;  5.99784; 1.55273;
Particle no.; 3;  6.09906; 6.19186;
Particle no.; 4;  1.57549; 0.631456;
Particle no.; 5;  0.0419732; 1.01904;
Particle no.; 6;  1.3514; 7;
Particle no.; 7;  7; 3.53904;
Particle no.; 8;  6.13247; 0;
Particle no.; 9;  2.66853; 4.31638;
Particle no.; 10;  4.35422; 3.04592;
Particle no.; 11;  2.59123; 5.02944;
Particle no.; 12;  0.937379; 5.09807;
Particle no.; 13;  4.98097; 1.71512;
Particle no.; 14;  1.23956; 2.57778;
Particle no.; 15;  6.8172; 3.00645;
Particle no.; 16;  7; 2.1465;
Particle no.; 17;  5.5431; 3.25812;
Particle no.; 18;  2.64121; 3.81344;
Particle no.; 19;  4.02788; 5.22094;
Particle no.; 20;  2.99726; 4.29713;
Particle no.; 21;  5.91344; 0.157328;
Particle no.; 22;  1.49234; 7;
Particle no.; 23;  1.8422; 6.20844;
Particle no.; 24;  1.98978; 4.35852;
Particle no.; 25;  2.39432; 4.60266;
Particle no.; 26;  5.86427; 4.1924;
Particle no.; 27;  1.50822; 1.96497;
Particle no.; 28;  0.0424223; 5.20973;
Particle no.; 29;  2.57864; 4.20956;
Particle no.; 30;  4.03703; 2.54483;
Particle no.; 31;  6.28689; 2.55197;
Particle no.; 32;  2.11265; 2.68117;
Particle no.; 33;  2.58293; 3.09144;
Particle no.; 34;  6.98461; 6.98874;
Particle no.; 35;  0.0803942; 2.21013;
Particle no.; 36;  1.70456; 6.23708;
Particle no.; 37;  0.280357; 5.07299;
Particle no.; 38;  6.64415; 2.89383;
Particle no.; 39;  2.41578; 1.08824;
Particle no.; 40;  6.57488; 6.32187;
Particle no.; 41;  6.73842; 6.76336;
Particle no.; 42;  1.94903; 4.73712;
Particle no.; 43;  6.63288; 6.739;
Particle no.; 44;  6.77871; 0;
Particle no.; 45;  0; 4.46209;
Particle no.; 46;  1.9266; 1.54643;
Particle no.; 47;  1.55526; 6.15602;
Particle no.; 48;  5.075; 4.20195;
Particle no.; 49;  3.40719; 4.98095;
iteration no.; 110; x coordinate; y coordinate; 
Particle no.; 0;  7; 4.09648;
Particle no.; 1;  2.846; 3.00399;
Particle no.; 2;  6.38305; 3.48781;
Particle no.; 3;  6.11358; 6.20473;
Particle no.; 4;  0.133768; 0.0630206;
Particle no.; 5;  0.744873; 1.72194;
Particle no.; 6;  1.22253; 7;
Particle no.; 7;  7; 2.725;
Particle no.; 8;  6.07687; 0;
Particle no.; 9;  2.67598; 4.32382;
Particle no.; 10;  6.90617; 0.657763;
Particle no.; 11;  2.62309; 5.2208;
Particle no.; 12;  1.09085; 5.22001;
Particle no.; 13;  5.43485; 2.169;
Particle no.; 14;  1.07278; 2.411;
Particle no.; 15;  6.82571; 2.46832;
Particle no.; 16;  7; 2.0052;
Particle no.; 17;  5.82131; 3.45909;
Particle no.; 18;  3.2716; 4.44383;
Particle no.; 19;  4.10283; 6.98641;
Particle no.; 20;  2.23651; 3.86371;
Particle no.; 21;  6.9997; 4.03521;
Particle no.; 22;  2.53839; 7;
Particle no.; 23;  2.01886; 6.33476;
Particle no.; 24;  2.47087; 4.83961;
Particle no.; 25;  2.79714; 4.81184;
Particle no.; 26;  5.88686; 4.215;
Particle no.; 27;  0; 0;
Particle no.; 28;  0.0332958; 4.81964;
Particle no.; 29;  2.61377; 4.24468;
Particle no.; 30;  3.99723; 2.52065;
Particle no.; 31;  6.29713; 2.38635;
Particle no.; 32;  1.8782; 2.44672;
Particle no.; 33;  5.7776; 5.79276;
Particle no.; 34;  7; 7;
Particle no.; 35;  0.00520783; 2.68284;
Particle no.; 36;  2.00026; 6.47574;
Particle no.; 37;  0.194561; 5.66728;
Particle no.; 38;  6.65712; 2.99897;
Particle no.; 39;  7; 6.5525;
Particle no.; 40;  6.59846; 6.33549;
Particle no.; 41;  5.98059; 6.07763;
Particle no.; 42;  2.23664; 5.00764;
Particle no.; 43;  6.63059; 6.73727;
Particle no.; 44;  6.88612; 0;
Particle no.; 45;  0.586658; 4.61105;
Particle no.; 46;  6.54271; 4.94612;
Particle no.; 47;  1.4496; 6.13811;
Particle no.; 48;  5.04569; 4.17264;
Particle no.; 49;  3.56587; 5.13962;
iteration no.; 120; x coordinate; y coordinate; 
Particle no.; 0;  7; 0.776693;
Particle no.; 1;  3.17267; 3.33067;
Particle no.; 2;  5.38683; 0;
Particle no.; 3;  6.15876; 6.24478;
Particle no.; 4;  2.65199; 1.06363;
Particle no.; 5;  1.94351; 7;
Particle no.; 6;  1.44493; 7;
Particle no.; 7;  7; 2.81658;
Particle no.; 8;  6.13894; 0;
Particle no.; 9;  2.66841; 4.31626;
Particle no.; 10;  6.1712; 1.30611;
Particle no.; 11;  2.35243; 5.02806;
Particle no.; 12;  0.972458; 5.12594;
Particle no.; 13;  4.58234; 1.31649;
Particle no.; 14;  1.35451; 2.69273;
Particle no.; 15;  6.82268; 2.74609;
Particle no.; 16;  7; 2.09537;
Particle no.; 17;  3.131; 1.51567;
Particle no.; 18;  3.13844; 4.31067;
Particle no.; 19;  2.9952; 3.47005;
Particle no.; 20;  3.06721; 4.33698;
Particle no.; 21;  5.82719; 0;
Particle no.; 22;  0; 7;
Particle no.; 23;  1.70412; 6.10964;
Particle no.; 24;  1.02272; 3.39146;
Particle no.; 25;  2.55935; 4.6885;
Particle no.; 26;  5.89515; 4.22328;
Particle no.; 27;  1.67106; 2.192;
Particle no.; 28;  0.0322497; 4.87424;
Particle no.; 29;  3.01391; 4.64483;
Particle no.; 30;  4.01805; 2.5333;
Particle no.; 31;  6.31929; 2.0305;
Particle no.; 32;  2.81737; 3.38589;
Particle no.; 33;  4.68515; 4.95668;
Particle no.; 34;  6.35736; 6.1498;
Particle no.; 35;  0.0621997; 2.29886;
Particle no.; 36;  1.86041; 6.36286;
Particle no.; 37;  0.305075; 5.25631;
Particle no.; 38;  6.62569; 2.74237;
Particle no.; 39;  7; 0;
Particle no.; 40;  6.56196; 6.31427;
Particle no.; 41;  5.32136; 5.48102;
Particle no.; 42;  1.9293; 4.71856;
Particle no.; 43;  6.55161; 6.6757;
Particle no.; 44;  6.83789; 0;
Particle no.; 45;  1.31733; 5.44645;
Particle no.; 46;  7; 6.61515;
Particle no.; 47;  1.31567; 6.11571;
Particle no.; 48;  5.08478; 4.21174;
Particle no.; 49;  2.85357; 4.42733;
iteration no.; 130; x coordinate; y coordinate; 
Particle no.; 0;  7; 1.99628;
Particle no.; 1;  3.14618; 3.30418;
Particle no.; 2;  6.38755; 2.91636;
Particle no.; 3;  6.137; 6.22549;
Particle no.; 4;  1.39115; 0.584852;
Particle no.; 5;  1.87363; 7;
Particle no.; 6;  1.96363; 7;
Particle no.; 7;  7; 2.60699;
Particle no.; 8;  6.04396; 0;
Particle no.; 9;  2.67079; 4.31864;
Particle no.; 10;  6.66103; 0.902193;
Particle no.; 11;  1.90875; 4.9153;
Particle no.; 12;  1.12227; 5.24497;
Particle no.; 13;  6.97242; 3.70656;
Particle no.; 14;  0.99051; 2.32873;
Particle no.; 15;  6.82427; 2.81019;
Particle no.; 16;  7; 2.10472;
Particle no.; 17;  5.46745; 3.20347;
Particle no.; 18;  2.8618; 4.03403;
Particle no.; 19;  3.51571; 5.25629;
Particle no.; 20;  3.14948; 4.38385;
Particle no.; 21;  5.8334; 0.137598;
Particle no.; 22;  0; 7;
Particle no.; 23;  1.78047; 6.16424;
Particle no.; 24;  2.38631; 4.75505;
Particle no.; 25;  2.24371; 4.52491;
Particle no.; 26;  5.88157; 4.20971;
Particle no.; 27;  0.72176; 0.953941;
Particle no.; 28;  0.0376868; 4.96364;
Particle no.; 29;  2.89307; 4.52399;
Particle no.; 30;  4.00993; 2.52836;
Particle no.; 31;  6.31341; 2.12412;
Particle no.; 32;  2.1733; 3.24141;
Particle no.; 33;  0.0705759; 0.762754;
Particle no.; 34;  4.92674; 4.27561;
Particle no.; 35;  0.0489976; 2.38225;
Particle no.; 36;  1.58574; 6.14118;
Particle no.; 37;  0.18589; 5.50707;
Particle no.; 38;  6.65879; 3.01253;
Particle no.; 39;  6.46583; 0;
Particle no.; 40;  6.56814; 6.31788;
Particle no.; 41;  5.14883; 5.32428;
Particle no.; 42;  2.33625; 5.10132;
Particle no.; 43;  6.72559; 6.8113;
Particle no.; 44;  6.84832; 0;
Particle no.; 45;  1.03893; 5.15577;
Particle no.; 46;  6.42988; 4.84986;
Particle no.; 47;  1.45366; 6.13887;
Particle no.; 48;  5.06672; 4.19368;
Particle no.; 49;  2.95687; 4.53062;
iteration no.; 140; x coordinate; y coordinate; 
Particle no.; 0;  7; 2.28749;
Particle no.; 1;  3.02732; 3.18531;
Particle no.; 2;  6.75512; 3.63755;
Particle no.; 3;  6.10753; 6.19936;
Particle no.; 4;  0.964037; 0.383648;
Particle no.; 5;  2.26664; 7;
Particle no.; 6;  0.497467; 7;
Particle no.; 7;  7; 3.31988;
Particle no.; 8;  6.11482; 0;
Particle no.; 9;  2.6703; 4.31815;
Particle no.; 10;  6.30335; 1.20187;
Particle no.; 11;  2.09527; 4.96805;
Particle no.; 12;  1.04867; 5.32159;
Particle no.; 13;  5.75961; 2.39726;
Particle no.; 14;  1.16096; 2.49918;
Particle no.; 15;  6.82559; 2.88252;
Particle no.; 16;  7; 1.99328;
Particle no.; 17;  4.99378; 2.86131;
Particle no.; 18;  1.70456; 2.87679;
Particle no.; 19;  2.77242; 3.77046;
Particle no.; 20;  1.99161; 3.72419;
Particle no.; 21;  5.72348; 0.595499;
Particle no.; 22;  2.5678; 7;
Particle no.; 23;  1.65743; 6.07623;
Particle no.; 24;  2.21587; 4.58461;
Particle no.; 25;  4.56486; 5.72812;
Particle no.; 26;  5.8938; 4.22193;
Particle no.; 27;  1.46645; 1.93786;
Particle no.; 28;  0.0393883; 4.98444;
Particle no.; 29;  3.21015; 4.84107;
Particle no.; 30;  4.00323; 2.52429;
Particle no.; 31;  6.31694; 2.06702;
Particle no.; 32;  0.115473; 0.491914;
Particle no.; 33;  2.99402; 3.38535;
Particle no.; 34;  6.24224; 6.00418;
Particle no.; 35;  0.0458514; 2.41314;
Particle no.; 36;  1.82635; 6.33537;
Particle no.; 37;  0.282041; 5.29186;
Particle no.; 38;  6.63452; 2.81445;
Particle no.; 39;  6.31312; 0;
Particle no.; 40;  6.66601; 6.37456;
Particle no.; 41;  5.41549; 5.56627;
Particle no.; 42;  2.09196; 4.87155;
Particle no.; 43;  6.50516; 6.63951;
Particle no.; 44;  6.84624; 0;
Particle no.; 45;  1.89155; 6.07843;
Particle no.; 46;  2.47719; 1.86886;
Particle no.; 47;  1.4397; 6.13648;
Particle no.; 48;  5.06303; 4.18999;
Particle no.; 49;  2.83613; 4.40988;
iteration no.; 150; x coordinate; y coordinate; 
Particle no.; 0;  7; 3.86694;
Particle no.; 1;  3.04652; 3.20451;
Particle no.; 2;  5.40531; 0;
Particle no.; 3;  6.13516; 6.22386;
Particle no.; 4;  1.18726; 0.488116;
Particle no.; 5;  2.01656; 7;
Particle no.; 6;  0.632461; 7;
Particle no.; 7;  7; 3.66499;
Particle no.; 8;  6.09864; 0;
Particle no.; 9;  2.67015; 4.318;
Particle no.; 10;  6.24784; 1.35389;
Particle no.; 11;  2.1953; 5.02841;
Particle no.; 12;  1.12749; 5.62333;
Particle no.; 13;  5.14834; 0.474746;
Particle no.; 14;  1.30723; 2.64545;
Particle no.; 15;  6.82194; 2.61557;
Particle no.; 16;  7; 2.10313;
Particle no.; 17;  4.66302; 2.62238;
Particle no.; 18;  3.24153; 4.41376;
Particle no.; 19;  2.56144; 3.79119;
Particle no.; 20;  2.71408; 4.13579;
Particle no.; 21;  6.56912; 2.47648;
Particle no.; 22;  2.44278; 7;
Particle no.; 23;  1.94933; 6.28502;
Particle no.; 24;  2.25661; 4.62535;
Particle no.; 25;  0.869349; 3.81247;
Particle no.; 26;  5.86512; 4.19325;
Particle no.; 27;  0.0198478; 0.0251235;
Particle no.; 28;  0.0379497; 4.97031;
Particle no.; 29;  2.54972; 4.18064;
Particle no.; 30;  4.00985; 2.52832;
Particle no.; 31;  6.31047; 2.17267;
Particle no.; 32;  4.77377; 6.07953;
Particle no.; 33;  5.00463; 5.25823;
Particle no.; 34;  5.31306; 4.78313;
Particle no.; 35;  0.0519145; 2.37;
Particle no.; 36;  1.50094; 6.07273;
Particle no.; 37;  0.287162; 5.28549;
Particle no.; 38;  6.65788; 3.00509;
Particle no.; 39;  7; 0;
Particle no.; 40;  6.61931; 6.34752;
Particle no.; 41;  5.26398; 5.42885;
Particle no.; 42;  2.31395; 5.08035;
Particle no.; 43;  6.54475; 6.67037;
Particle no.; 44;  6.84387; 0;
Particle no.; 45;  1.76228; 5.94367;
Particle no.; 46;  4.34179; 3.28054;
Particle no.; 47;  1.36892; 6.12468;
Particle no.; 48;  5.08565; 4.2126;
Particle no.; 49;  3.12555; 4.69931;
iteration no.; 160; x coordinate; y coordinate; 
Particle no.; 0;  7; 2.66406;
Particle no.; 1;  2.81379; 2.97179;
Particle no.; 2;  7; 7;
Particle no.; 3;  6.15775; 6.24388;
Particle no.; 4;  1.12344; 0.461453;
Particle no.; 5;  2.15474; 7;
Particle no.; 6;  1.93524; 7;
Particle no.; 7;  7; 3.2425;
Particle no.; 8;  6.11215; 0;
Particle no.; 9;  2.67091; 4.31875;
Particle no.; 10;  6.40533; 1.1447;
Particle no.; 11;  2.24595; 5.05342;
Particle no.; 12;  2.72371; 6.93853;
Particle no.; 13;  7; 5.02158;
Particle no.; 14;  1.12767; 2.46589;
Particle no.; 15;  6.82423; 2.78044;
Particle no.; 16;  7; 2.14548;
Particle no.; 17;  5.17077; 2.98916;
Particle no.; 18;  3.20234; 4.37456;
Particle no.; 19;  2.71154; 4.05643;
Particle no.; 20;  2.73598; 4.14827;
Particle no.; 21;  6.14072; 2.48332;
Particle no.; 22;  2.76557; 7;
Particle no.; 23;  1.5476; 5.99767;
Particle no.; 24;  2.28261; 4.65135;
Particle no.; 25;  4.18097; 5.52912;
Particle no.; 26;  5.89259; 4.22073;
Particle no.; 27;  0.635738; 0.832445;
Particle no.; 28;  0.0431157; 5.05688;
Particle no.; 29;  3.10082; 4.73174;
Particle no.; 30;  4.00743; 2.52685;
Particle no.; 31;  6.31502; 2.0983;
Particle no.; 32;  0; 0;
Particle no.; 33;  3.05248; 3.43823;
Particle no.; 34;  5.07799; 4.47416;
Particle no.; 35;  0.0556813; 2.34302;
Particle no.; 36;  2.49765; 6.87719;
Particle no.; 37;  0.225373; 5.41075;
Particle no.; 38;  6.65441; 2.97678;
Particle no.; 39;  6.17461; 0;
Particle no.; 40;  6.58408; 6.32711;
Particle no.; 41;  5.27074; 5.43495;
Particle no.; 42;  2.27562; 5.04429;
Particle no.; 43;  6.62925; 6.73622;
Particle no.; 44;  6.84408; 0;
Particle no.; 45;  1.78132; 5.96352;
Particle no.; 46;  3.89876; 2.65824;
Particle no.; 47;  1.47973; 6.14315;
Particle no.; 48;  5.07963; 4.20659;
Particle no.; 49;  3.1673; 4.74105;
iteration no.; 170; x coordinate; y coordinate; 
Particle no.; 0;  7; 2.41167;
Particle no.; 1;  2.87432; 3.03232;
Particle no.; 2;  5.90274; 0;
Particle no.; 3;  6.15707; 6.24328;
Particle no.; 4;  0.133008; 0.027616;
Particle no.; 5;  2.16723; 7;
Particle no.; 6;  1.86927; 7;
Particle no.; 7;  7; 3.29403;
Particle no.; 8;  6.10292; 0;
Particle no.; 9;  2.67045; 4.3183;
Particle no.; 10;  6.53469; 1.09383;
Particle no.; 11;  2.37439; 5.12393;
Particle no.; 12;  1.67383; 6.2181;
Particle no.; 13;  5.90379; 2.92847;
Particle no.; 14;  1.22896; 2.56718;
Particle no.; 15;  6.82318; 2.69958;
Particle no.; 16;  7; 2.08899;
Particle no.; 17;  5.12163; 2.95366;
Particle no.; 18;  1.16924; 2.34146;
Particle no.; 19;  2.62879; 3.85752;
Particle no.; 20;  2.83558; 4.20501;
Particle no.; 21;  6.94608; 2.71818;
Particle no.; 22;  1.53602; 7;
Particle no.; 23;  2.25359; 6.50266;
Particle no.; 24;  2.14264; 4.51138;
Particle no.; 25;  2.87463; 4.85195;
Particle no.; 26;  5.90021; 4.22835;
Particle no.; 27;  0; 0;
Particle no.; 28;  0.0757737; 5.61729;
Particle no.; 29;  3.63673; 5.26765;
Particle no.; 30;  4.00651; 2.52629;
Particle no.; 31;  6.31876; 2.03734;
Particle no.; 32;  1.14705; 1.26652;
Particle no.; 33;  1.19287; 1.7022;
Particle no.; 34;  6.41962; 6.23732;
Particle no.; 35;  0.02825; 2.53112;
Particle no.; 36;  2.20846; 6.64378;
Particle no.; 37;  0.245399; 5.37035;
Particle no.; 38;  6.63876; 2.84906;
Particle no.; 39;  6.54771; 0;
Particle no.; 40;  6.77111; 6.43545;
Particle no.; 41;  5.20832; 5.37843;
Particle no.; 42;  2.6717; 5.41683;
Particle no.; 43;  6.66553; 6.76449;
Particle no.; 44;  6.84279; 0;
Particle no.; 45;  1.87233; 6.05839;
Particle no.; 46;  4.41347; 3.38121;
Particle no.; 47;  1.42494; 6.13401;
Particle no.; 48;  5.03619; 4.16314;
Particle no.; 49;  2.63559; 4.20935;
iteration no.; 180; x coordinate; y coordinate; 
Particle no.; 0;  7; 3.31471;
Particle no.; 1;  2.97329; 3.13129;
Particle no.; 2;  6.35204; 3.43731;
Particle no.; 3;  6.095; 6.18826;
Particle no.; 4;  1.46912; 0.57674;
Particle no.; 5;  2.0743; 7;
Particle no.; 6;  2.17641; 7;
Particle no.; 7;  7; 2.72362;
Particle no.; 8;  6.09852; 0;
Particle no.; 9;  2.67055; 4.3184;
Particle no.; 10;  6.49137; 0.955079;
Particle no.; 11;  2.14083; 4.99695;
Particle no.; 12;  0; 5.61434;
Particle no.; 13;  5.47581; 0;
Particle no.; 14;  1.25944; 2.59766;
Particle no.; 15;  6.82333; 2.71548;
Particle no.; 16;  7; 2.13911;
Particle no.; 17;  5.06103; 2.90988;
Particle no.; 18;  4.78404; 7;
Particle no.; 19;  2.29047; 3.27247;
Particle no.; 20;  1.98644; 3.72124;
Particle no.; 21;  6.97166; 2.64139;
Particle no.; 22;  1.98619; 7;
Particle no.; 23;  1.79404; 6.17394;
Particle no.; 24;  2.1438; 4.51254;
Particle no.; 25;  4.07528; 5.50429;
Particle no.; 26;  5.86897; 4.19711;
Particle no.; 27;  1.60378; 2.09756;
Particle no.; 28;  0.0390221; 4.98692;
Particle no.; 29;  1.52262; 3.15354;
Particle no.; 30;  4.00662; 2.52636;
Particle no.; 31;  6.31398; 2.11544;
Particle no.; 32;  2.5462; 2.91837;
Particle no.; 33;  2.25256; 2.69065;
Particle no.; 34;  5.72385; 5.32295;
Particle no.; 35;  0.0672764; 2.2637;
Particle no.; 36;  1.61103; 6.29149;
Particle no.; 37;  0.276598; 5.30721;
Particle no.; 38;  6.65419; 2.97499;
Particle no.; 39;  6.05286; 0;
Particle no.; 40;  6.6727; 6.37844;
Particle no.; 41;  5.49546; 5.63852;
Particle no.; 42;  2.02373; 4.80739;
Particle no.; 43;  6.68052; 6.77617;
Particle no.; 44;  6.84676; 0;
Particle no.; 45;  1.80146; 5.98452;
Particle no.; 46;  3.58343; 2.21532;
Particle no.; 47;  1.51033; 6.14826;
Particle no.; 48;  5.07151; 4.19847;
Particle no.; 49;  2.92096; 4.49471;
iteration no.; 190; x coordinate; y coordinate; 
Particle no.; 0;  7; 3.09725;
Particle no.; 1;  2.97004; 3.12803;
Particle no.; 2;  6.07875; 1.81464;
Particle no.; 3;  6.177; 6.26094;
Particle no.; 4;  0.327688; 0.0411053;
Particle no.; 5;  1.74376; 7;
Particle no.; 6;  1.73448; 7;
Particle no.; 7;  7; 2.88218;
Particle no.; 8;  6.08877; 0;
Particle no.; 9;  2.67058; 4.31843;
Particle no.; 10;  6.45872; 0.946631;
Particle no.; 11;  1.90172; 4.86664;
Particle no.; 12;  2.78718; 6.75394;
Particle no.; 13;  6.68061; 5.18569;
Particle no.; 14;  1.0814; 2.41962;
Particle no.; 15;  6.82339; 2.71852;
Particle no.; 16;  7; 2.12874;
Particle no.; 17;  5.03529; 2.89129;
Particle no.; 18;  2.87965; 1.69241;
Particle no.; 19;  2.36057; 3.40059;
Particle no.; 20;  1.6442; 3.52626;
Particle no.; 21;  6.76278; 2.7885;
Particle no.; 22;  2.34659; 7;
Particle no.; 23;  1.38378; 5.88049;
Particle no.; 24;  2.23008; 4.59882;
Particle no.; 25;  0.529122; 3.58533;
Particle no.; 26;  5.99529; 4.32342;
Particle no.; 27;  0.568346; 0.743333;
Particle no.; 28;  0.0569268; 5.24935;
Particle no.; 29;  2.31017; 3.94109;
Particle no.; 30;  4.00655; 2.52631;
Particle no.; 31;  6.3065; 2.23769;
Particle no.; 32;  1.65743; 2.28565;
Particle no.; 33;  2.1628; 2.60666;
Particle no.; 34;  5.59379; 5.15202;
Particle no.; 35;  0.00707527; 2.67635;
Particle no.; 36;  1.81958; 6.18727;
Particle no.; 37;  0.172807; 5.51659;
Particle no.; 38;  6.65011; 2.9417;
Particle no.; 39;  6.42004; 0;
Particle no.; 40;  6.87964; 6.50893;
Particle no.; 41;  5.1661; 5.34019;
Particle no.; 42;  2.40035; 5.16161;
Particle no.; 43;  6.61708; 6.72673;
Particle no.; 44;  6.84201; 0;
Particle no.; 45;  1.82782; 6.012;
Particle no.; 46;  4.13695; 2.99281;
Particle no.; 47;  1.63789; 6.16953;
Particle no.; 48;  5.05582; 4.18278;
Particle no.; 49;  3.56373; 5.13749;
iteration no.; 200; x coordinate; y coordinate; 
Particle no.; 0;  7; 2.89966;
Particle no.; 1;  2.80959; 2.96759;
Particle no.; 2;  6.60261; 4.92517;
Particle no.; 3;  6.12953; 6.21887;
Particle no.; 4;  0.471744; 0.132964;
Particle no.; 5;  1.90276; 7;
Particle no.; 6;  1.48141; 7;
Particle no.; 7;  7; 2.83604;
Particle no.; 8;  6.11289; 0;
Particle no.; 9;  2.67028; 4.31813;
Particle no.; 10;  7; 1.63504;
Particle no.; 11;  1.83833; 4.8321;
Particle no.; 12;  1.91536; 6.27469;
Particle no.; 13;  4.35241; 0;
Particle no.; 14;  1.08652; 2.42474;
Particle no.; 15;  6.82315; 2.69778;
Particle no.; 16;  7; 2.14611;
Particle no.; 17;  5.03952; 2.89435;
Particle no.; 18;  3.53866; 5.09987;
Particle no.; 19;  3.36371; 5.16563;
Particle no.; 20;  4.90275; 5.91126;
Particle no.; 21;  6.51148; 2.59869;
Particle no.; 22;  0.241644; 7;
Particle no.; 23;  0.144584; 4.9941;
Particle no.; 24;  2.17061; 4.53935;
Particle no.; 25;  3.7423; 5.3269;
Particle no.; 26;  5.78756; 4.11569;
Particle no.; 27;  0.945435; 1.23652;
Particle no.; 28;  0.038962; 5.60418;
Particle no.; 29;  4.13331; 5.76423;
Particle no.; 30;  4.00651; 2.52629;
Particle no.; 31;  6.30835; 2.2075;
Particle no.; 32;  1.30869; 2.04565;
Particle no.; 33;  3.13419; 3.51359;
Particle no.; 34;  6.26235; 6.03064;
Particle no.; 35;  0.0721336; 2.20919;
Particle no.; 36;  1.72407; 6.21249;
Particle no.; 37;  0.240652; 5.37974;
Particle no.; 38;  6.67234; 3.12305;
Particle no.; 39;  6.87063; 0;
Particle no.; 40;  7; 7;
Particle no.; 41;  5.24258; 5.40947;
Particle no.; 42;  2.06347; 4.84476;
Particle no.; 43;  6.59301; 6.70797;
Particle no.; 44;  6.84838; 0;
Particle no.; 45;  1.84593; 6.03087;
Particle no.; 46;  4.41746; 3.38681;
Particle no.; 47;  1.27008; 6.10819;
Particle no.; 48;  5.06433; 4.19128;
Particle no.; 49;  3.03941; 4.61317;
iteration no.; 210; x coordinate; y coordinate; 
Particle no.; 0;  7; 3.56953;
Particle no.; 1;  2.82638; 2.98437;
Particle no.; 2;  6.18943; 2.46896;
Particle no.; 3;  6.04245; 6.14168;
Particle no.; 4;  1.41832; 0.540447;
Particle no.; 5;  2.01671; 7;
Particle no.; 6;  1.74064; 7;
Particle no.; 7;  7; 3.07553;
Particle no.; 8;  6.11038; 0;
Particle no.; 9;  2.6706; 4.31845;
Particle no.; 10;  7; 1.4391;
Particle no.; 11;  2.12817; 4.98999;
Particle no.; 12;  1.78941; 6.41636;
Particle no.; 13;  7; 4.44115;
Particle no.; 14;  1.57256; 2.91079;
Particle no.; 15;  6.82267; 2.65369;
Particle no.; 16;  7; 2.17225;
Particle no.; 17;  5.02905; 2.88679;
Particle no.; 18;  2.24287; 3.37069;
Particle no.; 19;  2.77056; 4.12055;
Particle no.; 20;  6.37808; 5.69386;
Particle no.; 21;  7; 3.02153;
Particle no.; 22;  4.38498; 7;
Particle no.; 23;  1.25916; 6.45166;
Particle no.; 24;  2.11184; 4.48058;
Particle no.; 25;  0; 3.12025;
Particle no.; 26;  5.99134; 4.31948;
Particle no.; 27;  0.976365; 1.27698;
Particle no.; 28;  0.0395561; 4.6126;
Particle no.; 29;  2.62044; 4.25136;
Particle no.; 30;  4.00654; 2.52631;
Particle no.; 31;  6.31672; 2.07059;
Particle no.; 32;  3.42797; 3.77993;
Particle no.; 33;  5.06313; 5.31457;
Particle no.; 34;  6.56226; 6.42479;
Particle no.; 35;  0.0434739; 2.37481;
Particle no.; 36;  1.74098; 6.26962;
Particle no.; 37;  0.0963447; 5.6708;
Particle no.; 38;  6.65132; 2.95153;
Particle no.; 39;  6.55409; 0;
Particle no.; 40;  6.45516; 6.08006;
Particle no.; 41;  5.26253; 5.42754;
Particle no.; 42;  2.15312; 4.92908;
Particle no.; 43;  6.6073; 6.71911;
Particle no.; 44;  6.84877; 0;
Particle no.; 45;  1.84007; 6.02477;
Particle no.; 46;  3.57365; 2.20158;
Particle no.; 47;  1.80023; 6.1966;
Particle no.; 48;  5.06511; 4.19206;
Particle no.; 49;  2.42209; 3.99585;
iteration no.; 220; x coordinate; y coordinate; 
Particle no.; 0;  7; 3.0576;
Particle no.; 1;  2.94735; 3.10534;
Particle no.; 2;  6.75844; 5.85129;
Particle no.; 3;  6.2185; 6.29773;
Particle no.; 4;  0; 0;
Particle no.; 5;  1.93432; 7;
Particle no.; 6;  1.45622; 7;
Particle no.; 7;  7; 3.09428;
Particle no.; 8;  6.10171; 0;
Particle no.; 9;  2.67053; 4.31838;
Particle no.; 10;  7; 3.22791;
Particle no.; 11;  2.2355; 5.04845;
Particle no.; 12;  3.46372; 6.74404;
Particle no.; 13;  5.93562; 3.64565;
Particle no.; 14;  0.325634; 1.66386;
Particle no.; 15;  6.82141; 2.53826;
Particle no.; 16;  7; 1.67922;
Particle no.; 17;  5.03704; 2.89256;
Particle no.; 18;  1.52415; 2.8756;
Particle no.; 19;  2.70787; 4.01008;
Particle no.; 20;  2.96965; 4.41087;
Particle no.; 21;  5.84386; 1.55814;
Particle no.; 22;  0.779654; 7;
Particle no.; 23;  2.92804; 6.50038;
Particle no.; 24;  2.651; 5.01974;
Particle no.; 25;  3.54767; 5.3346;
Particle no.; 26;  5.88496; 4.2131;
Particle no.; 27;  0.464173; 0.607084;
Particle no.; 28;  0.0457132; 2.61738;
Particle no.; 29;  2.7531; 4.38402;
Particle no.; 30;  4.00654; 2.52631;
Particle no.; 31;  6.30647; 2.23829;
Particle no.; 32;  0.604687; 1.29157;
Particle no.; 33;  2.28867; 2.72418;
Particle no.; 34;  6.03148; 5.72723;
Particle no.; 35;  0.0400116; 2.49463;
Particle no.; 36;  1.73049; 6.2535;
Particle no.; 37;  0.206705; 5.44821;
Particle no.; 38;  6.64882; 2.93116;
Particle no.; 39;  6.94053; 0;
Particle no.; 40;  6.57232; 6.32583;
Particle no.; 41;  5.35685; 5.51297;
Particle no.; 42;  2.2078; 4.98051;
Particle no.; 43;  6.59681; 6.71094;
Particle no.; 44;  6.84731; 0;
Particle no.; 45;  1.78106; 5.96324;
Particle no.; 46;  4.53237; 3.54822;
Particle no.; 47;  2.0662; 6.24095;
Particle no.; 48;  5.05563; 4.18258;
Particle no.; 49;  4.32504; 5.8988;
iteration no.; 230; x coordinate; y coordinate; 
Particle no.; 0;  7; 2.46512;
Particle no.; 1;  3.12523; 3.28322;
Particle no.; 2;  6.16704; 2.33607;
Particle no.; 3;  6.20029; 6.28159;
Particle no.; 4;  1.05699; 0.429295;
Particle no.; 5;  2.01757; 7;
Particle no.; 6;  1.81395; 7;
Particle no.; 7;  7; 3.29182;
Particle no.; 8;  6.10124; 0;
Particle no.; 9;  2.67053; 4.31838;
Particle no.; 10;  7; 0.0996255;
Particle no.; 11;  2.08487; 4.9664;
Particle no.; 12;  0.346153; 5.77052;
Particle no.; 13;  6.51791; 2.76662;
Particle no.; 14;  1.53655; 2.87477;
Particle no.; 15;  6.82834; 3.17374;
Particle no.; 16;  7; 2.94077;
Particle no.; 17;  5.03373; 2.89016;
Particle no.; 18;  2.39755; 3.62915;
Particle no.; 19;  2.69507; 3.98842;
Particle no.; 20;  0.277344; 2.16801;
Particle no.; 21;  6.95391; 3.17608;
Particle no.; 22;  4.14968; 7;
Particle no.; 23;  3.49053; 7;
Particle no.; 24;  2.18618; 4.55492;
Particle no.; 25;  1.24417; 3.8501;
Particle no.; 26;  5.85291; 4.18104;
Particle no.; 27;  1.2931; 1.69123;
Particle no.; 28;  0.0392898; 5.50334;
Particle no.; 29;  2.69758; 4.3285;
Particle no.; 30;  4.00652; 2.52629;
Particle no.; 31;  6.31909; 2.03192;
Particle no.; 32;  0; 0.517846;
Particle no.; 33;  3.79998; 4.13522;
Particle no.; 34;  5.5756; 5.12811;
Particle no.; 35;  0.0590942; 2.21473;
Particle no.; 36;  1.70876; 6.21309;
Particle no.; 37;  0.342461; 5.17441;
Particle no.; 38;  6.64688; 2.91536;
Particle no.; 39;  6.01426; 0;
Particle no.; 40;  6.67758; 6.46258;
Particle no.; 41;  5.29413; 5.45616;
Particle no.; 42;  2.10101; 4.88006;
Particle no.; 43;  6.5995; 6.71303;
Particle no.; 44;  6.84554; 0;
Particle no.; 45;  1.82269; 6.00665;
Particle no.; 46;  4.37701; 3.33;
Particle no.; 47;  0.521026; 5.95198;
Particle no.; 48;  5.04077; 4.16773;
Particle no.; 49;  4.41479; 5.98855;
iteration no.; 240; x coordinate; y coordinate; 
Particle no.; 0;  7; 4.07403;
Particle no.; 1;  2.93653; 3.09453;
Particle no.; 2;  6.35501; 3.45328;
Particle no.; 3;  5.81941; 5.94398;
Particle no.; 4;  1.20443; 0.48174;
Particle no.; 5;  1.99487; 7;
Particle no.; 6;  1.53662; 7;
Particle no.; 7;  7; 1.12009;
Particle no.; 8;  6.10392; 0;
Particle no.; 9;  2.67021; 4.31806;
Particle no.; 10;  7; 3.65121;
Particle no.; 11;  2.16965; 5.01258;
Particle no.; 12;  1.70231; 6.93528;
Particle no.; 13;  5.68874; 3.02432;
Particle no.; 14;  0; 0.90492;
Particle no.; 15;  6.81935; 2.34853;
Particle no.; 16;  7; 1.83087;
Particle no.; 17;  5.03548; 2.89143;
Particle no.; 18;  3.13463; 4.28521;
Particle no.; 19;  2.7345; 4.05743;
Particle no.; 20;  5.10935; 5.10507;
Particle no.; 21;  5.62252; 0.531626;
Particle no.; 22;  2.98728; 7;
Particle no.; 23;  1.68586; 6.36832;
Particle no.; 24;  2.32226; 4.691;
Particle no.; 25;  3.53437; 6.32855;
Particle no.; 26;  5.80832; 4.13645;
Particle no.; 27;  0.415716; 0.543707;
Particle no.; 28;  0.0406174; 7;
Particle no.; 29;  2.81717; 4.44809;
Particle no.; 30;  4.00653; 2.5263;
Particle no.; 31;  6.28631; 2.56776;
Particle no.; 32;  1.41943; 3.96988;
Particle no.; 33;  4.07601; 4.39294;
Particle no.; 34;  5.92866; 5.59211;
Particle no.; 35;  0.00688104; 3.04985;
Particle no.; 36;  1.7154; 6.23067;
Particle no.; 37;  0.159067; 5.54429;
Particle no.; 38;  6.64537; 2.90298;
Particle no.; 39;  6.5405; 0;
Particle no.; 40;  6.81214; 6.64648;
Particle no.; 41;  5.25818; 5.42359;
Particle no.; 42;  2.19021; 4.96396;
Particle no.; 43;  6.61166; 6.72251;
Particle no.; 44;  6.84526; 0;
Particle no.; 45;  1.80193; 5.985;
Particle no.; 46;  2.13558; 0.181646;
Particle no.; 47;  2.77798; 6.30081;
Particle no.; 48;  5.13985; 4.26681;
Particle no.; 49;  2.89207; 5.19709;
iteration no.; 250; x coordinate; y coordinate; 
Particle no.; 0;  7; 6.36509;
Particle no.; 1;  2.98588; 3.14387;
Particle no.; 2;  6.14062; 2.17902;
Particle no.; 3;  6.84429; 6.85243;
Particle no.; 4;  0.786834; 0.323778;
Particle no.; 5;  1.98345; 7;
Particle no.; 6;  1.60914; 7;
Particle no.; 7;  7; 4.38876;
Particle no.; 8;  6.09942; 0;
Particle no.; 9;  2.67059; 4.31844;
Particle no.; 10;  7; 0.923706;
Particle no.; 11;  2.03013; 4.93659;
Particle no.; 12;  3.56175; 4.79483;
Particle no.; 13;  6.02439; 2.86771;
Particle no.; 14;  3.09936; 5.99354;
Particle no.; 15;  6.82735; 3.083;
Particle no.; 16;  7; 3.72496;
Particle no.; 17;  5.03436; 2.89062;
Particle no.; 18;  2.53365; 3.76449;
Particle no.; 19;  2.72202; 4.03543;
Particle no.; 20;  3.26132; 4.5309;
Particle no.; 21;  6.71087; 2.21506;
Particle no.; 22;  0; 7;
Particle no.; 23;  2.7204; 6.18514;
Particle no.; 24;  2.17658; 4.54532;
Particle no.; 25;  4.93182; 4.82922;
Particle no.; 26;  5.82998; 4.15812;
Particle no.; 27;  1.86127; 2.43434;
Particle no.; 28;  0.0394007; 4.73615;
Particle no.; 29;  2.7926; 4.42352;
Particle no.; 30;  4.00655; 2.52631;
Particle no.; 31;  6.30553; 2.25363;
Particle no.; 32;  4.09208; 4.16644;
Particle no.; 33;  2.21424; 2.65469;
Particle no.; 34;  5.63; 5.1996;
Particle no.; 35;  0.0634692; 2.24654;
Particle no.; 36;  1.83067; 6.55998;
Particle no.; 37;  0.294878; 5.27037;
Particle no.; 38;  6.67294; 3.12793;
Particle no.; 39;  6.84594; 0;
Particle no.; 40;  6.53235; 6.25691;
Particle no.; 41;  5.22366; 5.39233;
Particle no.; 42;  2.165; 4.94025;
Particle no.; 43;  6.59115; 6.70652;
Particle no.; 44;  6.84397; 0;
Particle no.; 45;  1.83686; 6.02142;
Particle no.; 46;  1.05611; 0.218577;
Particle no.; 47;  1.20814; 6.08706;
Particle no.; 48;  5.02716; 4.15412;
Particle no.; 49;  3.77962; 5.5481;
iteration no.; 260; x coordinate; y coordinate; 
Particle no.; 0;  7; 1.88933;
Particle no.; 1;  2.93773; 3.09572;
Particle no.; 2;  6.19128; 2.48013;
Particle no.; 3;  5.81146; 5.93693;
Particle no.; 4;  1.07312; 0.430909;
Particle no.; 5;  1.98553; 7;
Particle no.; 6;  1.58594; 7;
Particle no.; 7;  7; 2.59345;
Particle no.; 8;  6.11629; 0;
Particle no.; 9;  2.67031; 4.31816;
Particle no.; 10;  7; 3.36276;
Particle no.; 11;  2.08142; 4.96452;
Particle no.; 12;  2.63501; 6.32284;
Particle no.; 13;  5.81994; 2.40418;
Particle no.; 14;  1.17377; 2.75673;
Particle no.; 15;  6.82465; 2.83535;
Particle no.; 16;  7; 3.07657;
Particle no.; 17;  5.03464; 2.89082;
Particle no.; 18;  3.43158; 4.54028;
Particle no.; 19;  2.73968; 4.06644;
Particle no.; 20;  2.79584; 4.1626;
Particle no.; 21;  6.46786; 2.94896;
Particle no.; 22;  1.46033; 7;
Particle no.; 23;  1.82597; 6.25272;
Particle no.; 24;  2.17855; 4.5473;
Particle no.; 25;  0; 4.62733;
Particle no.; 26;  6.04162; 4.36976;
Particle no.; 27;  0.716843; 0.937548;
Particle no.; 28;  0.0379628; 6.27614;
Particle no.; 29;  2.76629; 4.39721;
Particle no.; 30;  4.00655; 2.52631;
Particle no.; 31;  6.35752; 1.40368;
Particle no.; 32;  0.697602; 3.91679;
Particle no.; 33;  3.64155; 3.9873;
Particle no.; 34;  5.86362; 5.50663;
Particle no.; 35;  0.065595; 2.58636;
Particle no.; 36;  1.60241; 5.90433;
Particle no.; 37;  0.114776; 5.63362;
Particle no.; 38;  6.6669; 3.07866;
Particle no.; 39;  6.87421; 0;
Particle no.; 40;  6.1254; 5.6919;
Particle no.; 41;  5.30233; 5.46359;
Particle no.; 42;  2.16826; 4.94332;
Particle no.; 43;  6.59153; 6.70681;
Particle no.; 44;  6.84304; 0;
Particle no.; 45;  1.78412; 5.96644;
Particle no.; 46;  7; 6.89657;
Particle no.; 47;  1.0648; 6.02362;
Particle no.; 48;  5.06108; 4.18804;
Particle no.; 49;  0.850201; 3.18801;
iteration no.; 270; x coordinate; y coordinate; 
Particle no.; 0;  7; 1.88995;
Particle no.; 1;  2.94247; 3.10047;
Particle no.; 2;  6.27305; 2.96616;
Particle no.; 3;  6.2974; 6.36767;
Particle no.; 4;  0.438728; 0.192615;
Particle no.; 5;  1.98431; 7;
Particle no.; 6;  1.57227; 7;
Particle no.; 7;  7; 2.88838;
Particle no.; 8;  6.09199; 0;
Particle no.; 9;  2.67073; 4.31858;
Particle no.; 10;  7; 2.21588;
Particle no.; 11;  2.16282; 5.00886;
Particle no.; 12;  2.09204; 6.55385;
Particle no.; 13;  5.91907; 2.67141;
Particle no.; 14;  4.59023; 7;
Particle no.; 15;  6.82251; 2.63892;
Particle no.; 16;  7; 1.64902;
Particle no.; 17;  5.03536; 2.89134;
Particle no.; 18;  2.48697; 3.72594;
Particle no.; 19;  2.73498; 4.05817;
Particle no.; 20;  1.98335; 3.81411;
Particle no.; 21;  7; 7;
Particle no.; 22;  2.12029; 7;
Particle no.; 23;  3.2232; 6.7641;
Particle no.; 24;  2.18842; 4.55717;
Particle no.; 25;  3.91075; 4.79244;
Particle no.; 26;  3.80731; 1.21987;
Particle no.; 27;  0.626284; 0.819109;
Particle no.; 28;  0.0411074; 4.54581;
Particle no.; 29;  2.78269; 4.41361;
Particle no.; 30;  4.00653; 2.5263;
Particle no.; 31;  6.2934; 2.45193;
Particle no.; 32;  3.54537; 4.12623;
Particle no.; 33;  3.47572; 3.83248;
Particle no.; 34;  5.76275; 5.37406;
Particle no.; 35;  0.0226879; 2.05641;
Particle no.; 36;  1.78824; 6.43826;
Particle no.; 37;  0.390994; 5.07652;
Particle no.; 38;  6.55895; 2.19791;
Particle no.; 39;  6.73876; 0;
Particle no.; 40;  6.76743; 6.61422;
Particle no.; 41;  5.37642; 5.53069;
Particle no.; 42;  2.16453; 4.93981;
Particle no.; 43;  6.61168; 6.72252;
Particle no.; 44;  6.84296; 0;
Particle no.; 45;  1.81263; 5.99616;
Particle no.; 46;  3.50396; 2.32962;
Particle no.; 47;  2.14967; 6.34847;
Particle no.; 48;  5.01876; 4.14571;
Particle no.; 49;  4.11278; 5.46981;
iteration no.; 280; x coordinate; y coordinate; 
Particle no.; 0;  7; 4.62487;
Particle no.; 1;  3.03064; 3.18863;
Particle no.; 2;  6.20389; 2.55506;
Particle no.; 3;  6.09594; 6.18909;
Particle no.; 4;  0.49811; 0.214878;
Particle no.; 5;  1.98494; 7;
Particle no.; 6;  1.57224; 7;
Particle no.; 7;  7; 3.02357;
Particle no.; 8;  6.12133; 0;
Particle no.; 9;  2.6704; 4.31825;
Particle no.; 10;  7; 1.67665;
Particle no.; 11;  2.24155; 5.05174;
Particle no.; 12;  1.4617; 6.15402;
Particle no.; 13;  6.0557; 2.78349;
Particle no.; 14;  1.8618; 4.06235;
Particle no.; 15;  6.82727; 3.07573;
Particle no.; 16;  7; 4.94073;
Particle no.; 17;  5.03367; 2.89012;
Particle no.; 18;  2.86918; 4.05539;
Particle no.; 19;  2.72679; 4.04382;
Particle no.; 20;  2.04563; 3.69121;
Particle no.; 21;  6.45336; 1.83776;
Particle no.; 22;  2.33844; 7;
Particle no.; 23;  0; 5.38235;
Particle no.; 24;  2.23147; 4.60021;
Particle no.; 25;  4.4711; 4.92948;
Particle no.; 26;  5.65777; 3.71883;
Particle no.; 27;  0.977153; 1.278;
Particle no.; 28;  0.0410404; 4.60896;
Particle no.; 29;  2.74313; 4.37405;
Particle no.; 30;  4.00654; 2.5263;
Particle no.; 31;  6.32527; 1.93087;
Particle no.; 32;  5.81656; 4.41557;
Particle no.; 33;  3.98666; 4.30952;
Particle no.; 34;  5.56653; 5.1162;
Particle no.; 35;  0.0294048; 2.26344;
Particle no.; 36;  1.66307; 6.07852;
Particle no.; 37;  0.010573; 5.85073;
Particle no.; 38;  6.43228; 1.16447;
Particle no.; 39;  6.45485; 0;
Particle no.; 40;  6.03378; 5.44959;
Particle no.; 41;  5.21373; 5.38333;
Particle no.; 42;  2.18352; 4.95767;
Particle no.; 43;  6.61985; 6.72889;
Particle no.; 44;  6.84671; 0;
Particle no.; 45;  1.83845; 6.02307;
Particle no.; 46;  1.78128; 0.77318;
Particle no.; 47;  2.02198; 6.3211;
Particle no.; 48;  5.19461; 4.32157;
Particle no.; 49;  1.60301; 3.45457;
iteration no.; 290; x coordinate; y coordinate; 
Particle no.; 0;  7; 2.08821;
Particle no.; 1;  2.81611; 2.97411;
Particle no.; 2;  6.26702; 2.93031;
Particle no.; 3;  6.12236; 6.21251;
Particle no.; 4;  1.00839; 0.406714;
Particle no.; 5;  1.98634; 7;
Particle no.; 6;  1.57747; 7;
Particle no.; 7;  7; 2.97439;
Particle no.; 8;  6.09667; 0;
Particle no.; 9;  2.67066; 4.31851;
Particle no.; 10;  7; 2.60453;
Particle no.; 11;  1.39673; 4.59161;
Particle no.; 12;  1.22559; 5.94047;
Particle no.; 13;  6.07631; 2.83343;
Particle no.; 14;  1.31954; 3.4742;
Particle no.; 15;  6.80313; 0.860508;
Particle no.; 16;  7; 0;
Particle no.; 17;  5.0352; 2.89122;
Particle no.; 18;  3.82199; 4.87671;
Particle no.; 19;  2.73595; 4.05989;
Particle no.; 20;  3.8399; 4.57788;
Particle no.; 21;  6.39285; 2.387;
Particle no.; 22;  0.984596; 7;
Particle no.; 23;  2.58807; 6.45677;
Particle no.; 24;  2.1654; 4.53414;
Particle no.; 25;  0; 4.10938;
Particle no.; 26;  3.92092; 1.37329;
Particle no.; 27;  0.861547; 1.12681;
Particle no.; 28;  0.0389645; 5.87618;
Particle no.; 29;  2.808; 4.43892;
Particle no.; 30;  4.00654; 2.52631;
Particle no.; 31;  6.31916; 2.03074;
Particle no.; 32;  3.67046; 4.32066;
Particle no.; 33;  1.19053; 1.69891;
Particle no.; 34;  5.79676; 5.41877;
Particle no.; 35;  0.0687261; 2.52677;
Particle no.; 36;  1.80175; 6.47712;
Particle no.; 37;  0; 6.06992;
Particle no.; 38;  6.81354; 4.27508;
Particle no.; 39;  6.58189; 0;
Particle no.; 40;  7; 7;
Particle no.; 41;  5.30501; 5.46601;
Particle no.; 42;  2.18412; 4.95824;
Particle no.; 43;  6.62031; 6.72925;
Particle no.; 44;  6.84901; 0;
Particle no.; 45;  1.81547; 5.99912;
Particle no.; 46;  2.7808; 1.72505;
Particle no.; 47;  0.967976; 5.99649;
Particle no.; 48;  4.98706; 4.11402;
Particle no.; 49;  3.77433; 5.12034;
